{
    "test_loss": 0.12283331434748489,
    "test_hamming_loss": 0.039271913144819974,
    "test_f1_micro": 0.30033694563336677,
    "test_f1_macro": 0.1587940100054795,
    "training_config": {
        "num_epochs": 3,
        "batch_size": 32,
        "learning_rate": 2e-05,
        "weight_decay": 0.01
    }
}